user_id,content_id,action,timestamp,device,region,session_id
161,1000,pause,2023-09-01 00:00:00,mobile,EU,sess_43
146,1006,forward,2023-09-01 00:00:00,mobile,US,sess_3
161,1004,play,2023-09-01 00:00:00,tablet,US,sess_10
170,1001,skip,2023-09-01 00:00:00,tablet,US,sess_1
119,1003,skip,2023-09-01 00:00:00,desktop,US,sess_21
124,1006,play,2023-09-01 00:00:00,mobile,US,sess_1
155,1006,forward,2023-09-01 00:00:00,mobile,APAC,sess_42
173,1010,pause,2023-09-01 00:00:00,mobile,US,sess_7
111,1007,play,2023-09-01 00:00:00,mobile,EU,sess_15
150,1001,forward,2023-09-01 00:00:00,desktop,APAC,sess_40
168,1002,forward,2023-09-01 00:00:00,desktop,EU,sess_21
154,1001,skip,2023-09-01 00:00:00,mobile,EU,sess_43
184,1007,skip,2023-09-01 00:00:00,desktop,US,sess_8
196,1000,pause,2023-09-01 00:00:00,tablet,APAC,sess_26
178,1009,play,2023-09-01 00:00:00,mobile,EU,sess_46
158,1007,pause,2023-09-01 00:00:00,tablet,EU,sess_7
150,1008,play,2023-09-01 00:00:00,desktop,APAC,sess_14
117,1009,forward,2023-09-01 00:00:00,mobile,APAC,sess_43
104,1001,forward,2023-09-01 00:00:00,mobile,US,sess_36
150,1010,skip,2023-09-01 00:00:00,tablet,APAC,sess_7
159,1006,forward,2023-09-01 00:00:00,desktop,EU,sess_28
187,1001,pause,2023-09-01 00:00:00,mobile,US,sess_8
191,1003,pause,2023-09-01 00:00:00,mobile,APAC,sess_10
190,1010,pause,2023-09-01 00:00:00,tablet,EU,sess_18
103,1001,forward,2023-09-01 00:00:00,tablet,US,sess_35
187,1007,pause,2023-09-01 00:00:00,tablet,US,sess_18
155,1001,forward,2023-09-01 00:00:00,tablet,EU,sess_33
146,1002,play,2023-09-01 00:00:00,desktop,APAC,sess_13
100,1007,forward,2023-09-01 00:00:00,tablet,APAC,sess_23
172,1005,skip,2023-09-01 00:00:00,mobile,APAC,sess_15
173,1005,skip,2023-09-02 00:00:00,desktop,EU,sess_21
196,1002,forward,2023-09-02 00:00:00,mobile,EU,sess_49
187,1007,skip,2023-09-02 00:00:00,tablet,APAC,sess_37
121,1001,forward,2023-09-02 00:00:00,desktop,US,sess_28
162,1005,forward,2023-09-02 00:00:00,mobile,APAC,sess_34
106,1004,forward,2023-09-02 00:00:00,desktop,APAC,sess_29
100,1010,forward,2023-09-02 00:00:00,desktop,APAC,sess_11
177,1001,play,2023-09-02 00:00:00,tablet,APAC,sess_37
160,1000,skip,2023-09-02 00:00:00,desktop,EU,sess_27
165,1005,skip,2023-09-02 00:00:00,mobile,APAC,sess_16
186,1004,skip,2023-09-02 00:00:00,desktop,EU,sess_8
168,1003,skip,2023-09-02 00:00:00,mobile,EU,sess_22
168,1010,skip,2023-09-02 00:00:00,mobile,EU,sess_33
194,1002,play,2023-09-02 00:00:00,desktop,EU,sess_7
141,1005,skip,2023-09-02 00:00:00,desktop,US,sess_40
143,1002,forward,2023-09-02 00:00:00,desktop,EU,sess_30
136,1007,pause,2023-09-02 00:00:00,tablet,APAC,sess_15
153,1002,play,2023-09-02 00:00:00,desktop,EU,sess_14
159,1001,pause,2023-09-02 00:00:00,tablet,EU,sess_46
116,1000,forward,2023-09-02 00:00:00,desktop,US,sess_50
181,1010,skip,2023-09-02 00:00:00,tablet,APAC,sess_33
126,1004,pause,2023-09-02 00:00:00,desktop,US,sess_20
137,1003,pause,2023-09-02 00:00:00,mobile,EU,sess_47
139,1009,forward,2023-09-02 00:00:00,desktop,APAC,sess_32
101,1009,forward,2023-09-02 00:00:00,desktop,EU,sess_21
130,1009,play,2023-09-02 00:00:00,desktop,US,sess_24
138,1010,forward,2023-09-03 00:00:00,mobile,APAC,sess_11
114,1004,skip,2023-09-03 00:00:00,desktop,APAC,sess_30
111,1003,pause,2023-09-03 00:00:00,mobile,US,sess_17
102,1009,play,2023-09-03 00:00:00,mobile,US,sess_29
120,1002,forward,2023-09-03 00:00:00,tablet,EU,sess_22
182,1008,forward,2023-09-03 00:00:00,tablet,APAC,sess_36
160,1002,pause,2023-09-03 00:00:00,tablet,EU,sess_45
164,1000,skip,2023-09-03 00:00:00,desktop,US,sess_31
158,1001,play,2023-09-03 00:00:00,tablet,APAC,sess_42
122,1005,play,2023-09-03 00:00:00,desktop,US,sess_1
191,1007,play,2023-09-03 00:00:00,desktop,APAC,sess_43
128,1003,pause,2023-09-03 00:00:00,desktop,APAC,sess_2
142,1006,skip,2023-09-03 00:00:00,mobile,APAC,sess_3
118,1003,skip,2023-09-03 00:00:00,tablet,EU,sess_28
136,1005,pause,2023-09-03 00:00:00,desktop,EU,sess_2
118,1010,skip,2023-09-03 00:00:00,desktop,APAC,sess_43
136,1008,forward,2023-09-03 00:00:00,mobile,APAC,sess_5
183,1003,pause,2023-09-03 00:00:00,desktop,APAC,sess_31
169,1002,play,2023-09-03 00:00:00,mobile,EU,sess_27
200,1008,forward,2023-09-03 00:00:00,mobile,US,sess_3
180,1008,pause,2023-09-03 00:00:00,tablet,EU,sess_23
175,1003,skip,2023-09-03 00:00:00,tablet,US,sess_24
185,1007,pause,2023-09-03 00:00:00,mobile,US,sess_31
141,1007,play,2023-09-04 00:00:00,desktop,EU,sess_18
139,1006,forward,2023-09-04 00:00:00,desktop,US,sess_39
130,1010,forward,2023-09-04 00:00:00,mobile,EU,sess_43
163,1003,forward,2023-09-04 00:00:00,desktop,EU,sess_12
200,1002,skip,2023-09-04 00:00:00,mobile,APAC,sess_36
134,1007,skip,2023-09-04 00:00:00,desktop,APAC,sess_28
192,1000,play,2023-09-04 00:00:00,tablet,EU,sess_25
117,1000,skip,2023-09-04 00:00:00,tablet,EU,sess_49
188,1010,forward,2023-09-04 00:00:00,desktop,EU,sess_21
136,1010,forward,2023-09-04 00:00:00,desktop,EU,sess_5
177,1004,skip,2023-09-04 00:00:00,tablet,EU,sess_38
183,1004,pause,2023-09-04 00:00:00,desktop,US,sess_4
128,1006,forward,2023-09-04 00:00:00,desktop,US,sess_3
157,1009,pause,2023-09-04 00:00:00,mobile,US,sess_18
127,1008,skip,2023-09-04 00:00:00,desktop,EU,sess_39
178,1009,pause,2023-09-04 00:00:00,desktop,US,sess_14
160,1010,play,2023-09-04 00:00:00,mobile,APAC,sess_49
200,1008,skip,2023-09-04 00:00:00,desktop,US,sess_36
118,1006,pause,2023-09-04 00:00:00,desktop,APAC,sess_39
107,1010,forward,2023-09-04 00:00:00,tablet,US,sess_50
121,1009,forward,2023-09-04 00:00:00,desktop,EU,sess_23
131,1000,pause,2023-09-04 00:00:00,mobile,EU,sess_5
116,1010,play,2023-09-04 00:00:00,desktop,EU,sess_8
106,1008,pause,2023-09-04 00:00:00,mobile,EU,sess_37
160,1002,play,2023-09-04 00:00:00,mobile,EU,sess_49
176,1008,pause,2023-09-05 00:00:00,mobile,US,sess_13
197,1001,forward,2023-09-05 00:00:00,desktop,APAC,sess_28
153,1007,skip,2023-09-05 00:00:00,tablet,EU,sess_44
160,1008,forward,2023-09-05 00:00:00,mobile,US,sess_9
196,1009,pause,2023-09-05 00:00:00,mobile,APAC,sess_1
139,1007,forward,2023-09-05 00:00:00,tablet,APAC,sess_16
148,1000,pause,2023-09-05 00:00:00,desktop,EU,sess_2
127,1007,play,2023-09-05 00:00:00,tablet,EU,sess_21
122,1004,skip,2023-09-05 00:00:00,desktop,US,sess_46
173,1001,pause,2023-09-05 00:00:00,mobile,EU,sess_28
125,1009,play,2023-09-05 00:00:00,tablet,EU,sess_8
109,1010,pause,2023-09-05 00:00:00,mobile,EU,sess_31
150,1000,forward,2023-09-05 00:00:00,tablet,EU,sess_49
182,1001,play,2023-09-05 00:00:00,tablet,EU,sess_38
195,1007,pause,2023-09-05 00:00:00,mobile,EU,sess_39
115,1007,skip,2023-09-05 00:00:00,tablet,EU,sess_7
154,1009,skip,2023-09-05 00:00:00,tablet,APAC,sess_11
192,1004,pause,2023-09-05 00:00:00,desktop,APAC,sess_48
192,1008,forward,2023-09-05 00:00:00,desktop,EU,sess_40
159,1005,play,2023-09-05 00:00:00,mobile,US,sess_24
172,1007,forward,2023-09-05 00:00:00,tablet,EU,sess_17
111,1008,forward,2023-09-05 00:00:00,tablet,APAC,sess_25
133,1010,pause,2023-09-05 00:00:00,mobile,APAC,sess_23
162,1000,play,2023-09-05 00:00:00,desktop,EU,sess_32
116,1000,forward,2023-09-06 00:00:00,mobile,APAC,sess_36
146,1002,play,2023-09-06 00:00:00,desktop,APAC,sess_28
101,1007,pause,2023-09-06 00:00:00,mobile,EU,sess_24
141,1009,skip,2023-09-06 00:00:00,desktop,US,sess_47
154,1003,play,2023-09-06 00:00:00,desktop,APAC,sess_41
132,1007,pause,2023-09-06 00:00:00,mobile,US,sess_48
138,1010,play,2023-09-06 00:00:00,mobile,US,sess_37
175,1002,forward,2023-09-06 00:00:00,mobile,EU,sess_25
168,1005,skip,2023-09-06 00:00:00,desktop,US,sess_44
173,1000,pause,2023-09-06 00:00:00,mobile,US,sess_7
152,1006,pause,2023-09-06 00:00:00,mobile,EU,sess_30
132,1004,skip,2023-09-06 00:00:00,tablet,US,sess_16
164,1009,skip,2023-09-06 00:00:00,tablet,US,sess_43
119,1006,forward,2023-09-06 00:00:00,desktop,EU,sess_39
184,1002,play,2023-09-06 00:00:00,tablet,US,sess_39
132,1010,pause,2023-09-06 00:00:00,mobile,EU,sess_6
129,1008,pause,2023-09-06 00:00:00,mobile,US,sess_11
179,1008,forward,2023-09-06 00:00:00,desktop,US,sess_43
143,1001,pause,2023-09-06 00:00:00,tablet,APAC,sess_23
196,1007,play,2023-09-06 00:00:00,desktop,US,sess_28
115,1003,pause,2023-09-06 00:00:00,tablet,APAC,sess_17
117,1008,forward,2023-09-06 00:00:00,tablet,EU,sess_10
196,1002,skip,2023-09-06 00:00:00,mobile,US,sess_47
178,1009,skip,2023-09-06 00:00:00,tablet,US,sess_44
149,1004,forward,2023-09-06 00:00:00,mobile,US,sess_24
147,1009,forward,2023-09-06 00:00:00,desktop,EU,sess_14
122,1008,skip,2023-09-06 00:00:00,tablet,EU,sess_31
198,1008,pause,2023-09-06 00:00:00,tablet,EU,sess_47
134,1003,play,2023-09-07 00:00:00,tablet,APAC,sess_13
104,1000,forward,2023-09-07 00:00:00,tablet,APAC,sess_22
105,1010,skip,2023-09-07 00:00:00,mobile,EU,sess_20
162,1004,play,2023-09-07 00:00:00,mobile,APAC,sess_44
143,1002,play,2023-09-07 00:00:00,desktop,US,sess_34
148,1000,forward,2023-09-07 00:00:00,desktop,EU,sess_18
121,1007,play,2023-09-07 00:00:00,desktop,US,sess_9
149,1003,pause,2023-09-07 00:00:00,desktop,EU,sess_17
174,1006,pause,2023-09-07 00:00:00,tablet,US,sess_50
186,1006,pause,2023-09-07 00:00:00,desktop,EU,sess_27
159,1001,skip,2023-09-07 00:00:00,desktop,US,sess_43
129,1001,forward,2023-09-07 00:00:00,desktop,APAC,sess_42
159,1008,pause,2023-09-07 00:00:00,mobile,APAC,sess_8
175,1001,forward,2023-09-07 00:00:00,tablet,EU,sess_10
151,1007,play,2023-09-07 00:00:00,desktop,US,sess_40
138,1000,forward,2023-09-07 00:00:00,tablet,US,sess_12
170,1008,play,2023-09-07 00:00:00,tablet,EU,sess_35
198,1004,forward,2023-09-07 00:00:00,desktop,EU,sess_28
123,1007,skip,2023-09-07 00:00:00,mobile,EU,sess_4
189,1007,skip,2023-09-07 00:00:00,desktop,US,sess_18
108,1005,play,2023-09-07 00:00:00,tablet,APAC,sess_7
155,1002,forward,2023-09-07 00:00:00,mobile,EU,sess_14
101,1008,skip,2023-09-07 00:00:00,tablet,APAC,sess_16
